Team,ALY
DET,5.1
TAM,4.83
BAL,4.75
BUF,4.65
GNB,4.72
ATL,4.71
CAR,4.73
SFO,4.65
ARI,4.63
LAR,4.63
DAL,4.6
MIN,4.53
DEN,4.52
KAN,4.46
CIN,4.37
NYJ,4.35
PIT,4.35
JAX,4.33
WAS,4.27
PHI,4.2
LAC,4.13
SEA,4.1
HOU,4.08
NOR,4.18
NYG,4.2
TEN,4.1
NWE,4.05
IND,4.02
CLE,3.87
LVR,3.85
CHI,3.8
MIA,3.6